id,name,address,email,phone_number,job,company
0,Jessica Ramirez,"827 Richard Path Apt. 792
Brownhaven, WV 14209",alejandronguyen@example.net,(799)905-6829,Conference centre manager,"Cox, Morris and Rivera"
1,Susan Carlson,"683 Larson Lane
Cowanshire, ND 96471",maryperez@example.net,651-817-4062,Dance movement psychotherapist,Wang Ltd
2,David Smith,"11253 Evans Spring Apt. 684
East Jacqueline, CO 32008",christopher27@example.com,(385)336-8595x152,Fisheries officer,"Wood, Ward and Valenzuela"
3,Steven Schneider,"43976 Coleman Squares Apt. 983
Robertoton, AR 08629",dillonmarshall@example.net,341.244.7203x2412,Tree surgeon,Williams and Sons
4,Nina Gillespie,"57684 Maurice Squares
Whitehaven, NJ 04708",franklindawn@example.com,(665)759-9793,Industrial/product designer,Nguyen-Dixon
5,Amber Brown,"99740 Todd Forge Apt. 999
Lake Karenfort, WV 27631",andrewstracy@example.org,+1-934-600-3999,Training and development officer,Moore and Sons
6,Katherine Neal,"7843 Whitney Lock Suite 593
West Robert, CO 37978",qmorris@example.com,001-479-967-6300x1683,Human resources officer,"Kelly, Warren and King"
7,Charles Hall,"715 Kenneth Estates
Rebeccaside, SD 43211",douglasmassey@example.com,+1-557-334-2538x5903,Hospital pharmacist,Perkins Ltd
8,Desiree Gutierrez,"128 Michael Summit Suite 614
South Aprilport, AR 49914",edward08@example.net,299-852-7477x4181,"Engineer, automotive","Chase, Guzman and Thompson"
9,James Ward,"117 Zachary Key Suite 313
Lopezburgh, FM 84100",xscott@example.net,714.528.6595,"Engineer, communications",Flores-Norman
10,Cynthia Ford,"84921 Kim Mountain Apt. 221
Howardtown, DC 89578",dbanks@example.net,+1-952-688-6513,Local government officer,"Rodriguez, Chan and Wise"
11,Caroline Hahn,"9607 Christopher Drive
South Jessicaton, VT 79157",andrea75@example.net,618.210.5015,Barista,Nunez Inc
12,Rachel Swanson,"769 Angela Crossing Suite 547
South Tyler, SC 14031",joshua22@example.org,781-354-5869x088,"Education officer, community",Kline Group
13,Teresa Lee,"233 Johnny Ville
Cummingsmouth, NY 56136",mlopez@example.net,(334)620-6962x9341,Editorial assistant,Rocha-Wilson
14,David Herrera,"127 Nicholas Key Apt. 537
Paynestad, FM 24756",hgraham@example.org,712.312.7798x061,Transport planner,Avery-Brown
15,Thomas Gregory,"25286 Carroll Avenue Apt. 610
Lake Kristinfort, NV 84385",emilystevens@example.com,(227)371-6445x0009,Chartered certified accountant,"Hart, Mason and Smith"
16,James Lara,"878 Cook Hill
Danielside, OR 30223",ojohnson@example.net,001-436-808-9385,IT technical support officer,Williams PLC
17,Jeffrey James,"8344 Garcia Glens
Tylerburgh, AK 20047",tracy15@example.org,396.405.5811x5896,Dance movement psychotherapist,Calderon-Riggs
18,Eugene Ellis,"694 Ronald Junction
Lake Kaitlinfort, LA 33148",erik17@example.com,220.577.0630,"Designer, textile",Daniels Group
19,Rachael Sanchez,"2322 Beasley Plain
Angelafurt, IL 16174",carriegreer@example.net,860-562-6821x6062,Visual merchandiser,Williams-Rodgers
20,Johnny Waters,"813 Randall River Suite 833
Paulfurt, MA 81124",aalexander@example.org,+1-437-417-1889,Banker,York Inc
21,Ian Carroll,"2533 Cameron Crossing
Byrdstad, WY 90955",zachary92@example.com,7156768214,Aid worker,Mata-Watkins
22,Jordan Greene,"70937 Vincent Ports
Jessicastad, PR 78721",dominic20@example.org,742-914-7909x087,Ship broker,Bruce LLC
23,Joanna Weber,"64294 Christina Island
South Noah, KS 30154",tammy66@example.com,+1-475-571-9234x71149,Transport planner,Sexton Group
24,Gordon Anderson,"098 Elizabeth Flat
Larachester, MN 95148",emma74@example.org,+1-648-806-4384x5925,"Engineer, automotive","Hickman, Alexander and Daniels"
25,Mario Lane,"9221 Jacqueline Dam Suite 422
Brewerberg, KS 24215",ofigueroa@example.net,(809)542-7200x4694,Insurance claims handler,"Lopez, Daniels and Robinson"
26,Christopher Miller,"367 Melissa Route Suite 509
West Beckyborough, FL 59509",knightanthony@example.com,(974)280-7839x67894,Equality and diversity officer,"Nelson, Parks and Sutton"
27,Troy Patterson,"588 Thompson Via Suite 333
Stevenhaven, MP 91375",ibaker@example.com,001-331-606-8694,Horticultural therapist,"Campbell, Jimenez and Gallagher"
28,Thomas Davidson,"6006 Autumn Greens
Susanside, MA 78870",angiewells@example.com,(318)538-6530,"Civil engineer, consulting",Davidson-Mcfarland
29,Harold Smith,"9666 Douglas Field Apt. 853
New Mandyborough, NE 51687",lauren26@example.net,5105668246,"Engineer, broadcasting (operations)","Gonzalez, Morales and Grimes"
30,Mrs. Jenny Flores DDS,"USCGC Deleon
FPO AP 24538",qyang@example.com,+1-398-542-8994x9047,Fine artist,Phillips-Jones
31,Bonnie Drake,"931 Harper Prairie
Jenniferbury, NV 68554",villegasthomas@example.com,300.938.7644x862,Barrister,Bishop-Johnson
32,Allison Oneal,"049 David Burg
Michaelville, PA 15179",charles12@example.org,001-890-736-7616x133,Technical author,"Sandoval, Watts and Wagner"
33,Melissa Shah,"694 Norton Well Apt. 532
Port Erin, NY 56216",hzavala@example.org,620.965.5491,"Radiographer, therapeutic",Fowler-Henderson
34,Susan Beltran,"2707 Sharp Shoals Apt. 150
Colinberg, VT 33656",christylarson@example.com,(608)486-7623,Secondary school teacher,Harris-Reynolds
35,Alec Harvey,"7314 Mary Hollow Apt. 958
Port Jennifer, OH 64212",dmoore@example.org,+1-496-407-3344x510,Health and safety inspector,"Black, Anderson and Johnson"
36,Emily Burke,"PSC 5958, Box 7485
APO AE 43701",curtisjohnson@example.net,574-804-7826x10484,Recycling officer,"Schmidt, Fisher and Ortiz"
37,Tami Coleman,"00840 Leah Expressway Suite 281
Richardmouth, MP 01805",andreacunningham@example.com,+1-812-206-8220,Patent attorney,Diaz-Russell
38,Bailey Davila,"331 Beth Shore
New Stephanieborough, MA 68824",kevin97@example.net,001-624-649-8660x200,"Engineer, manufacturing systems","Graham, Davis and Wilson"
39,Desiree Palmer,"149 Michael Ports
West Richard, MP 42469",thomas02@example.com,7599881204,Hydrographic surveyor,"Osborne, Johnson and West"
40,Bobby Bartlett,"28913 Rodriguez Locks
West Darrell, MS 24804",poolematthew@example.net,(364)371-5089x5748,Charity fundraiser,Arias PLC
41,Richard Nelson,"7413 William Highway Apt. 097
South Cynthia, IL 43579",njohnson@example.com,001-916-342-4450,"Lecturer, higher education",Perkins and Sons
42,Cameron Powell,"458 Woods Flats Apt. 281
Paulborough, UT 92753",acastaneda@example.org,604.978.2606x48020,Furniture conservator/restorer,"Mcneil, George and Salinas"
43,John Russell,"2161 Robert Coves Suite 878
Port Cindyview, AK 31034",michael08@example.com,001-749-468-4661,Systems developer,Smith PLC
44,Shane Wood,"1873 Robert Field Apt. 333
Rachelberg, HI 96881",mjohnson@example.com,001-957-201-8312x3192,Mudlogger,"Wilson, Wood and Howard"
45,Rebecca Johnson,"4913 Carter Grove
Jeremychester, GA 99727",robert06@example.com,+1-750-880-8753,Commissioning editor,Warren and Sons
46,Richard Lee,"7246 Cassandra Prairie
Lake Mary, AZ 94662",ndavis@example.net,001-877-474-9370x270,"Engineer, technical sales",Greene-Warren
47,Steven Gibson,"68084 Eugene Village
Millerberg, AL 95033",johnstein@example.com,001-447-545-6654x571,Engineering geologist,Williams Ltd
48,Sara Ryan,"391 Davis Points Suite 591
Cherylland, SD 74863",valerieortega@example.org,(525)598-9183x66267,Equality and diversity officer,Porter-Bryant
49,Sherry Kennedy MD,"54545 Richardson Locks Suite 865
West Mariaview, ND 78618",allison80@example.org,+1-829-994-3017,Multimedia specialist,"Norton, Juarez and Bryant"
50,Deborah Wallace,"201 Beth Plains
Katherinemouth, NH 55063",ryan62@example.net,+1-372-869-0723x344,Art gallery manager,Church-Burch
51,Jimmy Alexander,"Unit 7581 Box 4128
DPO AA 43774",qthomas@example.com,3473993480,IT consultant,Perkins LLC
52,Colleen Herrera,"636 Romero Ramp Suite 647
Lake Shanehaven, MH 75943",keith22@example.net,715.604.5497,Quantity surveyor,Cole-Camacho
53,Daniel Bauer,"8584 Sonia Pass Suite 942
Millerhaven, HI 61880",smithelizabeth@example.net,838.764.7059x18363,"Research officer, political party","Owens, Price and Fields"
54,Jimmy Garcia,"5793 Johnson Pine
North Holly, FM 47241",vanessarichardson@example.net,439-914-4553,"Engineer, civil (contracting)",Martinez-Gay
55,Laura Henry,"1979 Emily Extension Suite 509
East Joshua, MT 79359",michael56@example.org,(645)788-6348x72512,Furniture conservator/restorer,Richards-Miller
56,Alexis Jones,"68624 Sims Isle Suite 026
East Sandy, NJ 52744",gomezjane@example.org,794-510-2057x0461,"Copywriter, advertising",Simmons-Porter
57,Thomas Bennett,"233 Lisa Drive Apt. 538
Arthurbury, SD 68228",candiceyates@example.org,(296)309-8472x28903,Environmental manager,Thomas-Harrison
58,Michael Benitez,"22741 Kristen Harbor
Johnborough, VA 67164",spencevanessa@example.net,001-908-790-6928x4228,Social researcher,Gill-Merritt
59,Courtney Rodriguez,"8533 Nancy Plain Suite 032
South Matthew, PR 56344",sdaniels@example.com,761.492.4744x952,"Engineer, petroleum",Espinoza LLC
60,Shannon Braun,"422 Lauren Road
Sotoville, VI 12309",cookdavid@example.net,657-565-9231x2161,Public affairs consultant,"Richardson, Hopkins and Baldwin"
61,Jennifer Long,"79258 Smith Unions
North Stephanie, MH 34832",bonnie44@example.com,395.258.6091,Data processing manager,"Carter, Peterson and Garcia"
62,Melinda Tate,"61014 Moses Roads Suite 999
Lake Craigville, TN 72975",kathleenhanson@example.com,931-907-7029,Radiation protection practitioner,Powell and Sons
63,Sara Johnson,"5751 David Ports
Darrellborough, NE 57260",jgreene@example.org,001-833-212-3377x73503,Building surveyor,Tucker Inc
64,Deborah Wells,"0672 Lawson Neck
Jonesshire, NE 23525",amanda28@example.net,633-566-3791,Research scientist (physical sciences),"Castillo, Salinas and Martinez"
65,Tara Gomez,"70325 Valdez Drive Suite 804
Harrisonburgh, AR 96868",richardjones@example.net,001-355-625-2253x679,Patent attorney,Lee-Leon
66,Steven Ward,"44526 Linda Parkways Suite 111
New Seantown, CA 65238",johnsonbrittany@example.com,4245798556,"Programmer, systems",Williams-Guzman
67,Russell Perez,"53194 Johnson Circle
Michaelview, IL 53395",jameswarner@example.net,8755245495,"Buyer, retail","Robbins, Rivera and Bullock"
68,Kelsey Nichols,"33320 Novak Haven
Port Josephview, NC 20480",wgoodman@example.org,+1-775-591-8433x73859,Geoscientist,Lopez and Sons
69,Audrey Harris,"952 Joanne Unions
Robertatown, AS 46795",jroberts@example.com,001-800-727-7258x68391,Colour technologist,"Nelson, Trujillo and Baker"
70,Steven Schneider,"68747 George Row
South Amyville, NM 50181",jamesamanda@example.com,371.466.6555,Fisheries officer,Taylor Inc
71,James Murphy,"266 Patrick Corner
North Cheyennechester, ND 91241",cynthia19@example.org,657-294-1127x4272,Ranger/warden,Richardson-Herrera
72,Cory Jackson,"PSC 3438, Box 6740
APO AE 98277",rickbarnes@example.com,530.265.0928,"Engineer, petroleum","Thomas, Anderson and Ray"
73,Craig Lang,"199 Hudson Walk
Devonstad, IL 37661",petersonmadison@example.com,(360)200-1225x4307,Accounting technician,Smith-Brooks
74,Jennifer Reed,"041 Edward Mountains
West Sheilachester, ND 40672",russellsusan@example.org,+1-529-267-9379x16147,"Conservator, furniture","Johnson, Wright and Reyes"
75,Terry Robinson,"9767 Brandon Fork Apt. 498
West Melaniefurt, UT 25740",lauren89@example.org,(552)857-8082x51139,"Teacher, music",Harmon-Franklin
76,Steven Graham,"8693 Heather Points
Lake Kyle, CT 44543",tiffanyhurst@example.org,973.285.5531,Exhibition designer,King-Li
77,Tyrone Walker,"USCGC Riley
FPO AA 71487",jennifertaylor@example.com,2256086483,"Pharmacist, hospital",Jones Group
78,Diana Miller,"9680 Alejandra Turnpike
Christopherbury, WA 76427",dunlapheidi@example.net,+1-644-558-4447,Environmental manager,"Thomas, Burnett and Price"
79,Jason Wright,"79014 Thornton Square Apt. 741
Tranburgh, VA 64110",hernandezjoseph@example.com,+1-431-634-0360x800,"Psychologist, counselling",Reed Inc
80,Charles Duran,"31455 Sara Burgs Suite 116
South Hollyburgh, NH 79042",jenniferharris@example.net,601-391-8929x4297,Geochemist,Page-Duncan
81,Kenneth Carter,"9911 Robinson Burgs Apt. 354
East Anthony, MS 84591",garrett52@example.net,2684190094,Chief Financial Officer,"Miles, Ford and Johnson"
82,Diana Koch,"8881 Trujillo Coves Suite 696
Pattersonville, AL 72730",nancyjohnson@example.net,+1-308-223-2349x979,"Embryologist, clinical",Lee-Cisneros
83,Henry Lang,"72761 Amber Expressway
Edwardland, AK 52616",deborahhardy@example.org,652-966-9741x16700,Gaffer,Miller-Meadows
84,Omar Wilson,"49209 Mark Grove
Sullivanhaven, OH 43344",stevensonsarah@example.org,001-603-912-6374x171,Statistician,"Mcgee, Kim and Bowers"
85,Anthony Douglas,"9289 Lopez Views Suite 235
Johnsonshire, PR 59787",rhouse@example.org,928.715.0973,Chartered certified accountant,"Zimmerman, Ellis and Marquez"
86,Jennifer Dudley,"PSC 8297, Box 7807
APO AE 47285",charles40@example.org,001-755-290-6659x581,Magazine features editor,Day PLC
87,Megan Werner,"3437 Denise Drive Suite 425
Lisabury, AL 83471",cuevasian@example.com,+1-274-886-8940x4342,Civil Service administrator,Boone and Sons
88,Linda Tran,"3508 Denise Estate Suite 455
Sanchezborough, SC 49574",sacosta@example.com,279-589-1915,Public house manager,Parker Ltd
89,Olivia Mcdaniel,"202 Jason Mews Apt. 294
West Michaeltown, NE 86492",melanie47@example.net,(783)900-9904,"Teacher, special educational needs",Lane Inc
90,Jennifer Hernandez,"893 Joel Plaza Apt. 298
Lake Lauraside, GU 69210",bryannovak@example.com,526.417.6786x92731,Scientific laboratory technician,Lopez-Robinson
91,Sierra Joseph,"5621 Scott Tunnel Apt. 841
West Nathan, NH 06718",mali@example.net,301-403-5332x90721,Volunteer coordinator,Chan PLC
92,Troy Smith,"USS Kaufman
FPO AE 20383",foleychelsea@example.com,+1-532-517-6744x46472,"Education officer, museum",Hudson-Obrien
93,Kimberly Castillo,"3998 Gonzalez Haven Apt. 456
West Ashley, DE 63243",adam02@example.com,+1-549-812-3557x5748,Amenity horticulturist,Brandt-Payne
94,Andrew Smith,"76729 Donald Locks
East Cole, NM 69885",saramiller@example.org,390-923-2689x245,Historic buildings inspector/conservation officer,"Weeks, Johnston and Anderson"
95,Michael Cunningham,"2282 Morgan Neck Suite 931
Crosbyfort, NY 22321",curtis02@example.com,9637181419,Equality and diversity officer,"Rivera, Clark and Townsend"
96,Wesley Anderson,"5372 Robert Isle
Port Jamiestad, AZ 35329",browningmarc@example.org,001-856-241-2965x286,Higher education careers adviser,Strickland Inc
97,Cameron Williams,"484 Patterson Inlet Apt. 553
New Michael, AL 68807",nicholas34@example.net,+1-241-626-3214x364,"Sound technician, broadcasting/film/video",Bell Inc
98,April Blair,"Unit 0759 Box 5263
DPO AE 58707",rsnow@example.com,+1-945-313-8241x7253,Medical secretary,Dyer-Johnson
99,Angela Vaughn,"PSC 9060, Box 8241
APO AE 98371",robertpaul@example.net,727-300-5611,Chief Financial Officer,"Thomas, Williams and Diaz"
100,Juan Evans,"234 Mark Brook
Johntown, KS 79978",maria47@example.com,223.654.8481,Mechanical engineer,"Kent, Mckenzie and Snow"
101,Emily Johnson,"0528 Wilson Unions
West Robin, ID 08416",johnsonnicholas@example.net,7188888370,"Administrator, education","Mcclain, Carr and Smith"
102,Robert Watson,"8592 Taylor Shores
Lake Richardview, UT 80254",woodleslie@example.org,001-962-895-9367x8995,"Civil engineer, contracting","Bradley, Nguyen and Williams"
103,Brent Acosta,"97095 Kelsey Circle
New Jessica, WY 65252",danielsmichael@example.org,622.561.3205x48269,"Engineer, chemical",Pearson Inc
104,Connie Sanchez,"1199 Curtis Radial
South Jillianstad, TX 34631",johnmaldonado@example.org,001-588-720-6195x30895,Catering manager,Potter Group
105,Samantha Smith,"971 Mark Extensions Apt. 178
South Anthony, AK 40355",griffintracy@example.net,+1-692-789-4981,Office manager,Duarte-Anderson
106,Tracey Pineda,"79331 Robertson Road
Lake Daniel, VT 18109",timothynguyen@example.org,254-298-3547,Chartered management accountant,Miller-Wright
107,Melinda Brady,"634 Miller Lakes
West Sharonhaven, NH 04437",pdavis@example.com,251.729.6629x023,Psychiatric nurse,Kelley-Gonzales
108,Amber Johnson,"553 Perez Circle Apt. 427
East Daniel, UT 35935",dennis79@example.com,973-852-2721,Osteopath,Logan Ltd
109,Veronica Sanders,"03323 Amanda Tunnel
Willisshire, ND 38651",stephensmark@example.org,(609)930-6458x9382,IT trainer,Dorsey Group
110,Leslie Cole,"500 Benjamin Tunnel
Berryport, MN 84786",qfigueroa@example.net,819-467-3567,"Accountant, chartered",Moore PLC
111,Ashley Stein,"8540 Franklin Motorway
Lake Kellyview, CT 55602",cynthiacarney@example.net,+1-396-836-5623,"Chemist, analytical",Lewis Inc
112,Justin Nelson,"USS Harris
FPO AE 86193",lisarobinson@example.org,481.478.9007x986,Cytogeneticist,"Robinson, West and Robinson"
113,Bruce Cook,"009 Jason Keys Apt. 460
Mooreland, AL 56688",burnettgary@example.org,406.644.8677x13686,Financial manager,Jacobs and Sons
114,Megan Henry,"69510 Wilson Court
Port Kimberlyville, CO 63259",matthewjohnson@example.com,959.476.1522x814,Site engineer,"Wallace, Short and Wilson"
115,Amber Christensen,"96388 Donald Vista
Lake Richardmouth, OK 08418",toddwilliam@example.net,(420)464-2353x545,"Therapist, occupational",Smith Inc
116,Jimmy Wallace,"6857 Black Unions Apt. 702
North Adam, TX 12176",calebhoward@example.org,001-307-999-1953,TEFL teacher,Jones-Smith
117,Todd Novak,"36988 Thomas Camp Apt. 220
East Cynthia, FM 30401",murraymark@example.net,001-815-243-3261x660,"Administrator, sports",Burns-Green
118,Evan Blake,"474 Lopez Passage Apt. 678
West Gracestad, WA 56909",lgeorge@example.net,(676)306-8739x4940,"Designer, furniture",Owens-Larson
119,Anna Johnson,"169 Jones Fords Apt. 498
North Monicaport, MO 63265",arnoldandrea@example.org,958-845-4123,Visual merchandiser,"Garcia, Martin and Fowler"
120,Dana Adams,"Unit 1528 Box 5507
DPO AA 71723",audreyjones@example.net,617-663-9565x8459,Trading standards officer,"Ali, David and Russell"
121,Nicole Guzman,"227 Walker Orchard Apt. 554
Scottburgh, MT 22046",joshua88@example.com,570-269-2620,Music therapist,Hardin-Chan
122,Ryan King,"1573 Dustin Roads Suite 309
Jasonbury, WV 66382",jill11@example.net,001-457-321-2600x63332,"Secretary, company",Jones-Mckee
123,Brian Rodriguez,"54701 Alexandra Radial Suite 149
West Linda, NY 63408",joncontreras@example.com,+1-518-804-2601x409,Ranger/warden,White-Miller
124,Kendra Guerrero,"9313 Mary Drive Apt. 534
Wardmouth, MS 53078",joel39@example.org,361.791.0586,"Engineer, materials",Hamilton-Keller
125,Katelyn Lam,"5967 Matthew Isle
Hornchester, CO 40881",christopher60@example.com,610-795-5266x216,"Scientist, product/process development",Harris LLC
126,Michelle Whitney,"91126 Peters Loop
Heatherhaven, KS 66900",jmitchell@example.net,964-595-2804x017,Equality and diversity officer,"Lee, Clark and Dean"
127,Steven Hughes,"83715 Breanna Mount
Scottmouth, CO 91393",allison75@example.org,860-765-6207x33726,"Surveyor, commercial/residential",Wilson-Campbell
128,Cynthia Dickerson,"30955 Reed Fork Suite 040
Suzannehaven, CO 21505",qtaylor@example.net,733.416.5006x691,Retail merchandiser,Dorsey-Wilson
129,Cheryl Sanders,"752 Danielle Harbors
Port Codyshire, DE 64721",dillon23@example.com,323.268.7673,Sales executive,Edwards LLC
130,Kelly Patterson,"61496 Jones Avenue
Gibsonside, MN 95942",robinmiller@example.org,644-691-1590x46429,Psychotherapist,"Santos, Young and Rose"
131,Sarah Harding,"92280 Tamara Locks Apt. 241
New Erinport, WV 43726",karla45@example.org,(639)954-1402,Manufacturing systems engineer,Holloway and Sons
132,Michael Guerra,"031 Tucker Garden
West Jerrymouth, ME 75223",oharvey@example.net,494-209-0664x34610,"Scientist, product/process development","Atkinson, Diaz and Mcgee"
133,Jason Lewis,"66614 Alexis Mountains Suite 534
Port Sarahbury, CO 47402",richard22@example.org,664-839-6398,Chartered legal executive (England and Wales),Robinson-Robinson
134,Anna Kirby,"913 Shelby Mills
Vazquezview, CT 45209",danahardy@example.com,001-831-615-3991x7419,"Teacher, special educational needs","Gonzalez, Phelps and Blevins"
135,Kimberly Rivera,"0964 Sarah Motorway Apt. 245
Richardton, VT 52061",annfoster@example.org,429.380.9892x09296,Community pharmacist,Hayden-Fleming
136,Lauren Knight,"75192 Robinson Locks
Markstad, CO 29172",rdouglas@example.org,653.677.8979x10783,Retail manager,"Miller, Vazquez and Velez"
137,Curtis Blair,"97402 Brianna Harbors
Lake Daniel, SD 76910",wvalencia@example.com,713.544.1105,"Scientist, biomedical",Jimenez and Sons
138,Felicia Chavez,"55813 Smith Square
Weberchester, KS 66857",connorwagner@example.com,352.286.0116,Set designer,Brown-Owens
139,Justin Jones,"672 Grant Via Apt. 509
Andrewfurt, GA 09874",qrobbins@example.net,(866)382-6638,Mining engineer,Atkins Group
140,Susan Lewis,"35610 Kristin Route
East David, DC 76209",clayton59@example.net,773-864-3288,Wellsite geologist,"Blankenship, Gonzales and Cortez"
141,Gerald Alvarez,"066 Laura Brook Apt. 891
South Nancy, AK 01899",donna20@example.com,001-639-705-4708x4433,Water engineer,"Taylor, Cooper and Ford"
142,Tracy Mills,"5069 Sullivan Fort Suite 748
North Andrewport, ND 16787",normanlaura@example.net,001-289-811-4813x6256,Field trials officer,"Morrison, Harris and Hernandez"
143,Michael Allen,"8209 Proctor Rapid Apt. 296
Kimberlyfurt, IN 39116",nelsondavid@example.net,529.832.9334x34273,Software engineer,Price LLC
144,Travis Woods,"Unit 7424 Box 0591
DPO AE 62226",adamsjames@example.net,001-516-686-7746x3583,Pensions consultant,Singleton-Hampton
145,Marcus Olson,"772 Aaron Canyon
South Juanfort, PA 43200",qmartinez@example.org,001-897-444-7348x14335,Office manager,Johnson-Williams
146,Yvonne Arias,"845 Caroline Ville Suite 154
Robertchester, AZ 33063",douglas77@example.org,(246)982-7396x528,Armed forces training and education officer,Moody and Sons
147,Brett Kelley,"586 Tracy Crossroad Apt. 593
Lake Lauren, DE 83507",vwashington@example.net,001-319-573-7371x907,Sports therapist,Curtis-Rodgers
148,Randall Austin,"371 Catherine Highway
Beverlyton, MO 75777",bdunn@example.com,622-608-9672,Printmaker,Lee-Miller
149,Sally Fitzpatrick,"940 Johnson Mission Apt. 289
South Barbarahaven, VI 27084",kimberly95@example.org,512-451-3814,"Education officer, environmental","Perez, Hughes and Knight"
150,Mario Shannon,"USNS Gregory
FPO AE 39264",spencertyler@example.com,614-480-5013x80826,"Nurse, learning disability",Daniel-Bradley
151,David Lee,"165 Owens Center Apt. 127
Davidmouth, PR 59332",andersonjoshua@example.com,(977)646-2397x50361,Publishing rights manager,Webb Group
152,Kelly Miller,"98836 Ashley Island
New Robert, IN 94027",harveycameron@example.net,546-694-9860x2430,Site engineer,"Gonzales, Mitchell and Stephens"
153,Tony Haynes,"49151 Rice Ports
Fosterburgh, DC 08198",benjamin06@example.com,+1-762-922-1612x0106,"Journalist, magazine",Stein-Cooper
154,Michael Anderson,"992 Jacqueline Prairie Suite 336
North Brandonville, ND 61956",florescynthia@example.org,+1-741-971-1285x2942,"Merchandiser, retail",Sosa PLC
155,Tracey Wolfe,"9554 Timothy Crossroad Apt. 076
South Tyler, PA 57701",bakerdonna@example.net,(532)519-7715,Accounting technician,Romero Group
156,Teresa Davis,"552 Carolyn Knolls Apt. 279
Grayville, FL 06583",jrichardson@example.com,001-992-950-7570x4279,"Lecturer, higher education",Cervantes PLC
157,Briana Smith,"9270 Diaz Highway
New Seth, MA 17932",matthew94@example.net,001-246-418-1703x889,Camera operator,"Hatfield, Jackson and Page"
158,Kevin Hansen,"3910 Ortega Parkway
Muellerchester, WY 58860",jenniferrobertson@example.net,(960)584-5659x1881,Museum education officer,"Smith, Brown and Jenkins"
159,Emma Munoz,"93143 Williams Lakes Suite 315
East Jason, WY 25690",shannonjohnson@example.net,209-809-2413x133,Industrial/product designer,Wright PLC
160,Robert Bennett,"622 White Way
West Melissachester, FM 53569",james37@example.net,4578696304,Office manager,Cohen LLC
161,Patricia Jones,"24157 Cindy Circles Apt. 929
Whiteside, NV 83710",edgar57@example.net,+1-848-832-9526x231,"Engineer, broadcasting (operations)","Hebert, Morris and Murray"
162,Shawn Jones,"796 Jessica Isle Apt. 600
Melissaside, AS 10231",melissaparsons@example.net,001-527-668-1173x0149,"Designer, furniture","Perez, Roberts and Mathews"
163,Robert Taylor,"0536 Hahn Pines Apt. 201
East Marcusmouth, GA 86744",lphillips@example.org,6199886864,"Engineer, communications","Grant, Henry and Boyd"
164,Scott Porter,"5899 Brandi Walks Apt. 841
Hatfieldmouth, AR 58890",huntergarrett@example.org,+1-767-500-9862x9276,"Psychotherapist, dance movement","Taylor, Vance and Drake"
165,Randy Raymond,"452 Scott Cove Suite 612
Michellefurt, TN 87278",contreraswilliam@example.net,+1-617-233-0327x44507,Paediatric nurse,Graham-Nguyen
166,Allison Wilson,"9413 Dunn Harbor Apt. 773
Doylehaven, IA 04967",lindaprice@example.org,001-210-774-8561,Archaeologist,Williams-Martin
167,Scott Schaefer,"2051 Julia Field Apt. 293
Whiteberg, MP 27098",martinezdiana@example.net,(778)602-8765,"Surveyor, land/geomatics",Mccall-Willis
168,Nicholas Richmond,"USS Morgan
FPO AE 54866",carolynbell@example.com,537.285.5829,Ambulance person,Caldwell Group
169,Edward Haynes DDS,"0434 Matthew Lodge Apt. 913
Chloehaven, CA 69799",silvajoshua@example.com,713-998-6802x4006,Prison officer,Hill LLC
170,Jessica Ryan,"3232 Ashley Field Apt. 824
Christinaside, IA 15906",shannonmark@example.com,+1-228-547-4122x668,Music therapist,Johns LLC
171,Jennifer Nelson,"Unit 0225 Box 9807
DPO AP 07162",hesstravis@example.com,920.369.7673,Building control surveyor,Davis-Johnson
172,Christopher Lowe,"57443 Jasmine Trace
Vaughnchester, MT 60627",hollyrodgers@example.com,554-259-4429x496,"Designer, interior/spatial",Fletcher-Santiago
173,Seth Moody,"9816 Blackburn Drive Suite 317
Hornchester, SD 54909",colinpowell@example.org,001-850-673-5087x603,Office manager,Moore-Anderson
174,Sharon Gray,"720 Young Squares Apt. 313
North Wendy, KS 38990",wwebb@example.com,521-204-6497x7409,Sales promotion account executive,Cole and Sons
175,Katherine Mitchell,"325 Erica Gardens
West Nicolemouth, MS 03629",ramosvalerie@example.net,456-366-0276x8703,Health visitor,Rios Inc
176,Joseph Bartlett,"10870 Knapp View Apt. 432
Lake Craigborough, GA 47237",robingarcia@example.org,620-322-6761x38889,Logistics and distribution manager,"Hudson, Stokes and Williams"
177,Thomas Vega,"USNS Marsh
FPO AP 82245",chrismyers@example.net,001-812-776-7800x2656,Futures trader,"Lynch, Morris and Valentine"
178,Loretta Gross,"979 Arroyo Brook Suite 349
Derekchester, NE 83361",santiagonathaniel@example.net,393-765-9568x911,Senior tax professional/tax inspector,"Alexander, Anderson and Whitehead"
179,Tina Larson,"4893 Patel Keys Apt. 242
East Lauren, VA 37272",epeters@example.com,001-641-530-0063x03406,Adult guidance worker,Brown Inc
180,Michael Williamson,"0975 Marie Coves
South Lynnton, WV 77415",brownalicia@example.com,+1-554-217-8577x670,Best boy,Rodriguez Group
181,Heidi Smith,"USNS Miller
FPO AA 84311",jenniferswanson@example.com,+1-752-311-6684x962,Archaeologist,"Mccormick, Lynn and Patterson"
182,James Cruz,"8255 Jill Roads
North Jeremy, WI 74119",nwu@example.net,(466)438-1161,Best boy,"Humphrey, Parker and Allen"
183,Paul Gutierrez,"044 Houston Ville
Kinghaven, SC 45957",howardmichael@example.com,753-357-3833x0866,"Lecturer, higher education",King-Sawyer
184,David Payne,"81234 Zachary Estates Suite 843
West Olivialand, PR 05819",kristy93@example.org,976.415.2629x23488,Housing manager/officer,Smith-Baker
185,Christopher Molina,"17281 Mark Port Apt. 656
Stricklandmouth, MA 79014",parsonsmelissa@example.com,(644)958-9289,Investment analyst,"Gutierrez, Figueroa and Montoya"
186,Matthew Bond,"53805 Jeffrey Dam Apt. 888
Millerchester, UT 16628",samantha66@example.com,(423)838-1747x10837,Trade mark attorney,Banks PLC
187,Karen Chavez,"635 Ruiz Course
West Eileenville, FM 57579",josephadkins@example.com,001-699-441-9470x81355,Magazine journalist,Aguilar-Reynolds
188,Michael Nelson,"881 Carter Ferry
Lake Derrick, MI 08841",kayleesanchez@example.org,3049777636,Astronomer,"Riley, Navarro and Perry"
189,Nathan Thomas,"92630 Yolanda Flats
Davidsonburgh, FM 72093",rodriguezscott@example.net,899-972-4595x2219,Public relations account executive,"Lynn, Huffman and Smith"
190,Lisa Moore,"50330 Robin Mews
Johnhaven, KY 09951",hwilson@example.net,001-615-422-4660x519,Insurance risk surveyor,"Myers, Guzman and Lopez"
191,Scott Wilson,"681 Wilson Village Suite 428
Port Danachester, AK 49798",vhernandez@example.com,987-237-3161x3173,Commercial horticulturist,"Carroll, Anderson and Mahoney"
192,Victoria Scott,"Unit 3935 Box 1426
DPO AE 81276",clarkmichael@example.com,232.246.1456x08300,Printmaker,Martinez-Stein
193,Kelly Lang,"157 Donna Gateway Apt. 039
Nicholasville, CO 67864",wanda07@example.com,001-773-968-1789,"Teacher, secondary school",Moore-Frank
194,Lisa Lewis,"8176 Tran Meadows
Myersport, NH 64606",jamieharris@example.org,001-523-366-8316x680,"Designer, ceramics/pottery","Brown, Delgado and Johnston"
195,Vickie Burton,"0153 Hill Isle
North Douglasfurt, FL 54320",diazerica@example.net,944-829-5840,Retail merchandiser,Meyers PLC
196,Emily Cameron,"2707 Jeffrey Underpass Apt. 579
Andreamouth, MH 38616",blackwellsteven@example.com,+1-732-230-0633x5370,Immigration officer,"Bradshaw, King and Richard"
197,Lindsay Jackson,"5027 Amanda Crossing Suite 197
East Kristinastad, AK 33247",jim35@example.org,001-248-334-6284x80777,Armed forces technical officer,Ballard-Wang
198,Diane Gardner,"586 Zavala Branch Suite 397
Jerryville, OH 07051",danderson@example.net,618-283-7486,Architectural technologist,"Anderson, Spence and Lynn"
199,Jeremy Taylor,"5656 Russo Port
Raymondborough, WI 77671",lynn65@example.net,577-799-0705,Museum/gallery conservator,Herman PLC
200,Doris Cruz,"5588 Jackson Drive
Sandraville, PR 59636",vangelijah@example.org,001-775-412-9259,"Programmer, multimedia","Weber, Perry and Ramsey"
201,Antonio Gates,"6066 Norman Dam Suite 793
Eugenefort, CA 77904",matthew66@example.com,(576)701-0070x0713,Outdoor activities/education manager,Thompson Ltd
202,Laura Meadows,"PSC 5497, Box 4935
APO AE 77779",lindsay92@example.org,001-461-387-0114,Armed forces operational officer,"Brown, Jones and Mata"
203,Vanessa Bailey,"615 Adams Haven
North Dustin, NV 12564",allisonritter@example.org,(890)891-3934x89205,Ship broker,Smith-Adams
204,Edwin Burgess,"679 Mckenzie Junction
Michaelport, VA 23046",sarah64@example.org,(399)350-0403x523,Herbalist,Cole Ltd
205,Brandon Alexander,"553 Timothy Hollow
Bakertown, NH 08046",dwilcox@example.net,971-294-4427,Astronomer,Hardy-Brooks
206,Briana Thompson,"Unit 9809 Box 7499
DPO AP 69022",saraowens@example.org,525-274-5620,Television/film/video producer,"Gonzales, Edwards and Jones"
207,Courtney Sloan,"Unit 4578 Box 3058
DPO AA 21485",traceyschwartz@example.com,601.495.0640x43519,"Administrator, arts",Pruitt-David
208,Joshua Russell,"145 Austin Estate
Latashafort, DE 17993",ashleybailey@example.com,+1-916-948-6946x999,Building surveyor,Copeland-Sheppard
209,Jamie Calderon,"80039 Li Crescent
Jamesmouth, UT 35099",bowersbrett@example.com,3086135055,Chartered management accountant,Howard and Sons
210,Michael Taylor,"776 Veronica Well
Lake Kathleenfort, IA 41939",kristahodge@example.net,+1-331-883-4018x9915,"Engineer, building services",Cooper-Freeman
211,Mr. George Martin,"378 Lewis Grove
Lake Stephenland, ID 63970",dawn11@example.org,457-706-1715x218,Network engineer,Miller-Rodriguez
212,Garrett Scott,"44695 Jody Points
East Erikaville, NJ 84013",jonathan94@example.net,(641)874-0585x35931,"Research officer, political party",Wilkerson-Brown
213,Nicholas Gardner,"2836 Mcbride Park
Roberthaven, AS 91985",umelton@example.org,+1-504-788-9120x3973,Systems developer,Gutierrez PLC
214,Tony Allison,"480 Jennifer Stravenue Apt. 095
South Vanessa, NJ 33676",vbradley@example.org,311-273-8836x70326,Primary school teacher,Johnson Group
215,Alicia Miller,"55252 Carey River Suite 631
Cynthiaport, WV 40378",thomastara@example.org,663-632-5315x967,Theme park manager,"Patel, Kennedy and Carpenter"
216,James Watson,"47297 Matthew Fords
Andrewborough, MO 63816",sandraschmitt@example.org,966.529.6878x90655,Metallurgist,Morris-Barnett
217,Rebecca Weber DVM,"559 Bryan Spurs
West Jessicaborough, MH 80017",staceyrichard@example.org,001-528-515-4044x45615,"Designer, blown glass/stained glass",Harris and Sons
218,Kelsey Watson,"1344 Pamela Islands
East Annaburgh, ND 62256",zhensley@example.com,490-200-9136x03444,Dispensing optician,Fernandez-Richards
219,Lindsey Gray,"6501 Ashley Avenue Suite 610
Adriennefurt, TX 70131",carlos88@example.net,731.926.4367x673,Software engineer,Anderson-Hahn
220,Jennifer Butler,"208 Kenneth Common Apt. 139
West Markside, AK 07547",barbara73@example.org,353-465-3554,Energy manager,Vaughn-Romero
221,Matthew Walker,"4925 Arnold Roads
Lisabury, RI 49739",hhamilton@example.com,+1-951-961-2286,"Biochemist, clinical","Douglas, Morgan and Conley"
222,Kayla Patrick,"90034 Cynthia Locks
Davilashire, MO 51275",jessica72@example.org,001-992-353-6718x771,Graphic designer,Huang Group
223,Lisa King,"9389 Hamilton Road
Andreastad, MS 36161",travismaldonado@example.org,001-719-520-0781,"Lecturer, higher education",Vega Group
224,Leslie Pace,"Unit 9369 Box 3150
DPO AP 00931",louiskim@example.net,001-913-777-2703,"Engineer, maintenance","Mcdowell, Key and Vasquez"
225,Sara James,"2788 Donaldson Burg
Cobbside, NH 71522",felicia73@example.com,460.642.1895x43482,Theatre stage manager,Mullins and Sons
226,Tiffany Dennis,"302 Mike Square
Dawnfort, ND 89773",samuelhodges@example.org,8303864486,Futures trader,Fry-Brown
227,Yvonne Kelley,"67803 Vargas Isle
Jesusmouth, OH 89815",mgomez@example.com,(881)531-3024,Press photographer,Martinez and Sons
228,Amanda Anderson,"590 Collins Ramp
Stephanieshire, ID 49038",sheryl51@example.net,+1-631-257-7111x2681,Psychiatrist,"Gill, Tucker and Olson"
229,Brian Flores,"1703 Mccarthy Ports
Norrisport, MT 44905",alexander54@example.org,(894)440-5903x107,Research scientist (life sciences),Ramsey PLC
230,Paul Adams,"704 Jerry Trail
Port April, AZ 45581",michelle32@example.com,(437)321-8200,Chief Marketing Officer,Reyes Inc
231,Joseph Wright,"147 Johnny Field Apt. 206
Lake Jessicaborough, ME 54929",valexander@example.net,683-931-0990x8235,Dietitian,Brock-Harper
232,David Schultz,"29768 Owens Island Suite 122
Bryantland, ID 88556",marybaker@example.org,(732)604-4867x6870,Trade union research officer,"Russell, White and Barnes"
233,Roberta Patel,"9204 Brandon Route
Spearsberg, MI 20677",curtis41@example.net,+1-272-357-3111,"Surveyor, insurance",Nelson and Sons
234,Tyler Garcia,"6186 White Parkways
East Jeffreymouth, MD 49649",greenekelly@example.com,833-953-4421,Water quality scientist,"Berry, Nixon and Mays"
235,David Allen,"4946 Joe Landing
Melissahaven, MP 30757",valerierobertson@example.com,6157296175,"Teacher, special educational needs",Lane LLC
236,Tracey Webster,"18349 Michael Islands
Phillipsmouth, SC 95560",ujones@example.com,(816)503-7564x77897,"Programmer, multimedia",Rodriguez-Black
237,Melinda Martinez,"436 David Pike Suite 357
South Daniellehaven, FM 71404",mendozadanny@example.net,001-289-916-2914x768,"Conservation officer, nature",Hernandez-Hall
238,Jaime Stevens,"66621 Zachary Parkways
Port Erinmouth, WI 45438",xharding@example.com,+1-550-817-5243x8358,Building services engineer,Edwards PLC
239,Christian Miller,"13665 Michael Mountains Apt. 187
Lake Adam, NH 56016",mcclureheather@example.net,355-458-1167x09273,Medical physicist,Bishop-Norris
240,Robert Mercado,"513 Green Mountain Apt. 243
Lake Joshuaborough, TN 51271",ukent@example.com,771.660.3611x4581,IT technical support officer,Good PLC
241,Paula Nicholson,"8256 Gardner Glen Suite 758
Adammouth, TX 36222",brownmarie@example.com,(840)622-7897x77936,Operations geologist,"Butler, Norton and Morris"
242,Bryan Nguyen,"PSC 7602, Box 2265
APO AE 25854",goodmanpatricia@example.org,+1-413-791-3244x4439,"Scientist, water quality",Fitzgerald and Sons
243,Deanna Ruiz,"99138 Kayla Landing Apt. 207
New Lorishire, VA 38129",stacey57@example.org,367-217-5670,Health physicist,"Maddox, Schultz and Wilson"
244,Taylor Boone,"08283 Campbell Mission
East Joshua, ME 13682",ugreen@example.com,+1-648-354-0997x9258,Video editor,"Horton, Tanner and Moses"
245,Bradley Diaz,"6491 Smith Mews
Lake Jessica, RI 04881",jennifer11@example.net,(954)218-3406x6819,Photographer,Kelly-Turner
246,Vanessa Ingram,"74066 Boyd Burg
Cindyberg, CO 07946",jwells@example.net,7726479911,Telecommunications researcher,Willis Inc
247,Donald Stewart,"9288 Sanchez Circle Apt. 592
West Seanfurt, LA 25702",kristenmiller@example.net,(384)823-5767x7146,"Exhibitions officer, museum/gallery","Mccall, Williams and Lewis"
248,Olivia Wiggins,"PSC 8572, Box 6642
APO AE 41799",jamienguyen@example.com,708.336.8499x7323,Sports coach,"Todd, Blevins and Simmons"
249,Brittany Hess,"9588 Rita Villages Suite 170
New Danielville, WY 92736",grant85@example.com,001-975-975-7258,Financial risk analyst,Smith-Adkins
250,Alyssa Young,"63679 Richard Harbors
New Emily, HI 50144",alexander27@example.org,(980)905-7196x1754,Environmental manager,Johnson-Krueger
251,Gloria Chambers,"9904 Aaron Estate Apt. 092
Wilkinshaven, SD 09774",masseyjonathan@example.net,7663451422,Armed forces logistics/support/administrative officer,Sanders Inc
252,Jerry Stone,"46488 Stephen Estate Apt. 052
Sallyside, AS 13169",ann20@example.org,255-416-4696x68680,Legal executive,Anderson Ltd
253,Joshua Simmons,"857 Katie Expressway
New Karen, WI 13511",henrywalls@example.com,798-454-3642,Contractor,"Hall, Clayton and Turner"
254,Stacy Page,"PSC 5237, Box 9016
APO AE 59001",ianmartinez@example.net,690-933-0572x707,"Therapist, drama","Smith, Morgan and Torres"
255,Kathryn Alexander,"811 Austin Lights Suite 314
East Kristinbury, ND 67279",millerbrandi@example.org,2245665890,"Psychologist, forensic",Simpson Group
256,Jeffrey Morris,"3567 Patrick Green
West Mary, NY 92667",maureencardenas@example.com,663-832-1929,Teaching laboratory technician,Ryan Ltd
257,Debra Vasquez,"073 Miranda Crescent Apt. 009
West Eric, MA 12866",christopher69@example.org,213-669-3219,Geophysicist/field seismologist,Davis-Martin
258,James Brooks,"92459 Toni Causeway Suite 361
Hinesfort, NE 25978",gcarroll@example.org,202.791.4517,Community arts worker,Steele Ltd
259,Patrick Montgomery MD,"PSC 3494, Box 3482
APO AP 27225",elizabeth17@example.net,001-286-407-2350x999,"Engineer, control and instrumentation",Ruiz Inc
260,Donna Gillespie,"615 Jason Point
Stevenside, MN 26962",valerie53@example.net,+1-235-703-2622x03400,Energy engineer,"Miller, Watkins and Velez"
261,Sandra Moore,"829 Rebecca Loaf Suite 175
Mendozaborough, MS 07009",jack08@example.net,298.409.2209x4441,Government social research officer,Robinson-Schmidt
262,Shawn Cross,"Unit 2762 Box 5394
DPO AP 15408",tyler64@example.net,488-414-0958x9519,Professor Emeritus,"Thomas, Nunez and Gibson"
263,Michael Foster,"64808 James Centers
Sarashire, UT 37729",cody69@example.org,001-591-499-0420,Haematologist,Frederick Group
264,Jimmy Dawson,"1206 Stacy Place Apt. 881
Lynchside, KS 84864",codygarcia@example.net,676.844.6257,Hydrographic surveyor,"Taylor, Johnson and Watson"
265,Michael Raymond,"3428 Sellers Valley Suite 047
East Donaldland, AK 13718",jblanchard@example.com,(229)436-2597,Veterinary surgeon,Kent-Wood
266,Carl Oneill,"PSC 9046, Box 8783
APO AP 91710",hendricksrichard@example.net,487.389.9025x5286,Lawyer,"Tanner, Gordon and Jones"
267,John Howard,"PSC 9391, Box 8249
APO AP 56077",amanda52@example.net,514-293-2714x89723,"Runner, broadcasting/film/video",Perez and Sons
268,Carly Brown,"1284 Erica Islands
Nicholsonside, DE 60392",dstewart@example.net,001-621-834-5774x68387,Accounting technician,Tucker Group
269,Lynn Woods,"30798 Marshall Wall
Matthewsstad, NC 92758",katie73@example.org,214-492-4511x1937,"Surveyor, mining",Benjamin LLC
270,Dr. Shane Cordova,"4049 Stephen Road
East Yvonne, OK 96589",keithrichard@example.org,275.232.2584,"Horticulturist, amenity",Green-Kelley
271,Kyle Malone,"63191 Deborah Lights Apt. 168
West Michael, CA 17975",jessica01@example.com,744-306-5089,Public relations officer,Caldwell-Barron
272,Richard Powers,"493 Baker Shores Apt. 374
New Douglasfurt, MN 88236",maxwell73@example.net,+1-387-792-3223,Information systems manager,Newton Group
273,Richard Roth,"050 Juarez Squares Apt. 977
Kaylamouth, NV 86320",agutierrez@example.org,001-498-547-5472,"Buyer, industrial","Macias, Roberts and Santiago"
274,Lori Huynh,"2368 Barbara Plains Apt. 595
Lake Erik, OK 57504",bchung@example.net,(791)484-2531x32861,Trading standards officer,"Stevens, Bishop and Garcia"
275,Jacqueline Anderson,"89680 Sullivan Mission
Salazarmouth, PA 72413",gina93@example.net,7304837814,"Engineer, building services",Owens-Taylor
276,Carol Gray,"Unit 6434 Box 5931
DPO AP 73359",brightrobert@example.com,902.882.6187,Teaching laboratory technician,Woods LLC
277,Katherine Mason,"201 Gibbs Orchard Apt. 708
Port William, MS 40988",lscott@example.net,001-801-547-9847x33334,"Designer, furniture",Swanson-Wilson
278,Kaitlyn Campbell,"1176 Wright Fords
South Davidville, WY 52806",ashleybrown@example.org,653-368-1163,IT technical support officer,"Johnson, Martinez and Bradley"
279,Bruce Rice PhD,"40260 Donald Estates Suite 757
Torreschester, NE 57855",kmartinez@example.net,(731)872-2028,"Engineer, chemical",Bernard LLC
280,Daniel Wiley,"976 Jamie Highway
Bakermouth, SC 38002",erichernandez@example.net,001-422-876-1374,Naval architect,Rodriguez Ltd
281,Morgan Martinez,"0114 Emily Club
West Andrewmouth, WY 13521",qbrown@example.org,741.615.6893,"Accountant, chartered public finance",Hodges Ltd
282,Jeff Shields,"509 Gonzalez Centers Apt. 907
Heidishire, ND 47504",woodardamanda@example.org,980-811-5065x259,Television camera operator,Hernandez-Taylor
283,Jane Ward,"PSC 4438, Box 3682
APO AE 61832",ksanchez@example.net,866.950.0657,Licensed conveyancer,James-Buchanan
284,Austin Parker,"116 Mendoza Fords Suite 253
Amyberg, SD 01826",michaelparsons@example.net,821-980-2005x4100,Museum/gallery conservator,"Rowe, Jackson and Roth"
285,Christopher Merritt,"882 Rita View Apt. 452
Karlashire, NE 37901",claudiajones@example.org,3786207794,"Nurse, children's","Keller, Contreras and Richards"
286,Heidi Walter,"09579 Robinson Glen Apt. 986
Mccormickshire, SD 04996",brianna79@example.com,001-333-840-7192,"Administrator, arts",Johnson Inc
287,Joseph James,"3702 Angela Station
Donborough, AR 88312",ngoodwin@example.com,482-522-9261x3200,Clinical embryologist,Huber and Sons
288,Tyler Russell,"490 Dean Unions
Zamoraborough, NH 11034",davidbryan@example.net,804-467-0854x3882,Outdoor activities/education manager,Watson and Sons
289,Christopher Jenkins,"09802 Joseph River
Marcusborough, KY 52509",carlsantiago@example.com,(798)872-8706x9083,Exhibition designer,Sloan-Compton
290,Shawn Martin,"2441 Myers Well Suite 297
Kennethmouth, FL 97317",carol96@example.com,+1-951-431-2325x3339,"Scientist, water quality",Rivera-Flores
291,Derrick Hunter,"2357 Samantha Glen
Thompsonborough, NY 38828",christine43@example.org,7488714334,Counsellor,"Blake, Thomas and Crawford"
292,Nicholas Durham,"6976 Cody Throughway Suite 889
Chadmouth, SD 48098",jill92@example.org,755-495-5612x75386,Cabin crew,Parrish-Mcknight
293,Catherine Coleman,"0532 Laura Inlet
Jessicaside, NC 24601",blanchardjessica@example.org,691-605-3176x4175,Adult guidance worker,Wells-Harding
294,Julie Lynch,"0479 Mendoza Junction Apt. 844
Lake Debraborough, CO 57934",whitakerphilip@example.net,626-227-9663x1664,Ship broker,Riley Group
295,Jennifer Smith,"634 Nancy Isle
Diazview, NE 75431",wjohnston@example.org,904.474.8478x403,Comptroller,Williams PLC
296,Luis White,"560 Nathaniel Gateway
Port Dianeland, AK 46180",owilcox@example.net,9204450161,Corporate treasurer,Martinez-Hernandez
297,Tammy Perkins,"4063 Rich Extension
New Terri, MH 16476",ppeterson@example.com,756.851.0406,Local government officer,Black Ltd
298,Allen Jenkins,"1384 Tran Forest Suite 582
Johnville, SD 24031",teresawoods@example.net,001-801-583-4433x952,Museum education officer,Smith and Sons
299,Gregory Robinson,"0321 Webster Shoal
North Abigailberg, FL 41999",ealexander@example.net,(861)346-8769,Herpetologist,"Deleon, Moore and Williams"
300,Sara Powell,"583 Jonathan Streets
Dannystad, OK 62294",bowenanthony@example.net,+1-669-229-4250x656,Optometrist,Matthews PLC
301,Dawn Porter,"82462 Blevins Throughway Suite 754
Pamelaside, AL 61250",jacksonsean@example.net,638.686.8543x00851,Sport and exercise psychologist,Jackson LLC
302,Jack Garcia,"8427 Erica Land Apt. 439
Parkermouth, MH 81907",pparrish@example.com,001-562-202-2250x74777,Data processing manager,"Murray, Howard and Kelley"
303,Stephanie Smith,"711 Jennifer Walk
North Adam, MP 09583",kjohnson@example.com,897-380-9752,Financial trader,Thomas-Davis
304,David Lewis,"84134 Michelle Fall Apt. 466
East Rebecca, PW 03278",vshannon@example.com,+1-863-623-2702x4734,"Engineer, technical sales","Rivera, Kim and Luna"
305,Chelsea Hicks,"55562 Danielle Fords Suite 211
Wolfestad, WI 17905",crawfordmichael@example.com,7496409617,"Engineer, structural","Davis, Nelson and Duran"
306,Gina Allen,"65210 White Drive
Timothyborough, TX 95315",lisa48@example.org,(228)220-1743x85010,"Designer, jewellery","Taylor, Paul and Jones"
307,Louis Luna,"6711 Ernest Branch
South Allenborough, SC 66803",ahansen@example.org,(684)562-7064x07474,Regulatory affairs officer,Ibarra-Kirby
308,Laurie Robinson,"32580 Cantu Ramp
South Stacyville, KY 11016",sherylevans@example.com,240-222-4205x46039,Psychiatrist,Garrett PLC
309,Christopher Young,"USCGC Braun
FPO AE 52447",xtaylor@example.org,+1-988-236-2369,Warden/ranger,Simon-Wood
310,Margaret Davis,"368 Steve Circles Suite 798
Richardmouth, WA 70042",johnsondaniel@example.org,6135587438,Media planner,Banks LLC
311,Roberto Ibarra,"97352 Nicholas Ridges Suite 431
West Joshua, WA 49481",petersjohn@example.org,+1-358-363-0782,Early years teacher,Olson-Harris
312,Justin Vasquez,"536 Amy Lake Apt. 184
West Mikechester, TX 45170",shurst@example.org,(392)735-3504x724,"Horticulturist, commercial","Powers, Doyle and Richard"
313,Jermaine Burnett,"Unit 7962 Box 3876
DPO AE 97643",stacyjohnson@example.net,4203875340,"Nurse, children's","Benton, Williams and Johnson"
314,Jeanne Miller,"89856 Crawford Mission
West Mariafort, OH 43639",ryan99@example.org,+1-703-674-5201x1998,Local government officer,Moses LLC
315,Susan Gallegos,"070 Deleon Villages
Anthonyville, ID 13018",uhall@example.net,395.778.5022x1766,Geophysical data processor,Larson-Odonnell
316,Aaron Santiago,"036 Kennedy Trafficway Suite 762
East Paul, NJ 37486",lchambers@example.com,824-561-9760,TEFL teacher,"Orozco, Stone and Davis"
317,Jonathan Li,"2698 Lauren Junction Suite 722
East Meganborough, IL 62028",gfranklin@example.org,001-473-210-1214x4287,"Optician, dispensing",Buchanan and Sons
318,Kathy Thompson,"9509 Chad River Suite 132
Watkinsview, GA 17225",kylejones@example.com,001-405-300-1443x99710,"Teacher, primary school",Ball LLC
319,Carlos Taylor,"67370 Linda Street Apt. 603
Lake Jeff, ID 09651",gshaw@example.org,870-415-3079,Charity officer,Kennedy Ltd
320,Christopher Roman,"8303 Wilson Mill Suite 527
Gwendolynfurt, IA 11740",jacob77@example.net,6019756647,Radio broadcast assistant,"Nichols, Estrada and Haas"
321,Linda Berry,"31867 Robertson Falls Suite 773
West Benjaminfurt, MA 44195",frankturner@example.org,001-693-678-3996,Communications engineer,Copeland LLC
322,Angel Vargas,"2563 Thompson Pass
East Kim, NE 50215",rhonda49@example.net,001-435-809-8497x88657,Office manager,"Harper, Le and Fitzgerald"
323,Walter Jordan,"42802 Charles Mountain Apt. 061
West Stacy, AL 02596",bonnie03@example.com,(524)746-4276,Production manager,Hunt PLC
324,Antonio Bowman,"7205 Brandon Springs Suite 091
Lake Laura, ID 55979",brittanyknight@example.com,001-482-639-2980x31728,"Teacher, music","Zavala, Crosby and Bradley"
325,Shannon Wilkinson,"18172 Miller Camp Suite 422
Helenshire, VT 36950",williamhutchinson@example.net,001-887-788-9503x63429,Quarry manager,Kelly PLC
326,Jennifer Bauer,"3837 John Turnpike
Hernandezfort, KS 01991",slozano@example.net,+1-875-787-9367x3895,Regulatory affairs officer,Sanchez LLC
327,Kevin Long,"1225 Wilson Unions Apt. 955
East Frankbury, MA 11168",oyoung@example.net,335.823.3231x1444,Medical illustrator,"Schmidt, Rodriguez and Gutierrez"
328,Timothy Savage,"8005 Jones Prairie Suite 825
West Phillipborough, AZ 35920",mitchelldavid@example.org,3689461314,Industrial buyer,"Jones, Mitchell and Chandler"
329,Dr. Courtney Bush,"184 Joseph Road Suite 458
Lake Thomas, NY 03479",omcguire@example.com,(285)224-8585,Quarry manager,"Lopez, Harvey and Roberson"
330,Valerie Smith,"12180 Kevin Crossroad
West Juliaburgh, WA 28684",samuel08@example.org,(567)781-3408,Actor,Thomas-Durham
331,Travis Page,"07293 Jeffrey Squares
Alyssaville, VT 29267",brendabryant@example.com,855-755-3101x1686,Immigration officer,Jones-Butler
332,Gregory Carter,"26457 Brian Flats
South Joseph, DE 71890",yblack@example.com,(403)774-7941,Clinical psychologist,Murray-Rice
333,Justin Jones,"148 Taylor Orchard
Matafurt, PW 86834",jessica33@example.org,339.364.0689x90428,Lobbyist,Neal PLC
334,Joshua Brown,"PSC 1192, Box 7435
APO AA 33308",willismelissa@example.com,001-912-290-7786,Public librarian,Evans-Ferguson
335,Brittany Wilson,"840 Cooke Stravenue
East James, MT 26739",steven44@example.com,(746)704-8136x5437,"Conservator, furniture","Moore, Conrad and Adams"
336,Timothy Hinton,"PSC 6670, Box 2279
APO AP 44261",nashamy@example.com,797-363-5482,Radio producer,"Jones, Williams and Nelson"
337,Gregory Collins,"791 Victor Crest Apt. 914
Barnetthaven, NE 88683",danielbraun@example.net,001-288-398-9096,"Geologist, engineering","Jackson, Gregory and Lewis"
338,Bridget Carr,"533 Harris Pike Suite 965
West David, OK 14499",padillaandrew@example.net,690-432-8285x0322,"Therapist, speech and language",Murphy-Franklin
339,Cynthia Bartlett,"8993 Harper Fort Apt. 918
Danielland, NE 38924",luishodge@example.net,5608721147,Regulatory affairs officer,Conner-Barnes
340,Sarah Baker,"238 Skinner Ways Apt. 517
Laurafurt, NH 75472",ngonzalez@example.org,(741)441-5402x47853,"Merchandiser, retail",Chapman LLC
341,Kaylee Boyd,"47190 Wilcox Key Apt. 798
Lake Brandon, RI 08095",nancybrown@example.com,(296)651-1901,Proofreader,"Davis, King and Lee"
342,Christopher Ryan,"32897 Morgan Field Suite 549
Leachtown, WY 46563",xfrazier@example.net,+1-506-916-7597x97458,Dancer,Vasquez-Morales
343,Jessica Gross,"319 Pollard Highway
Brianville, KY 46991",zachary69@example.net,001-505-869-1850,Barrister's clerk,Soto-Jones
344,Theresa Murray,"870 Morton Squares
Lake Peterhaven, OR 85176",bartonhenry@example.net,(204)722-1667x721,Photographer,Stanley Ltd
345,Jeffrey Arnold,"243 Stephen Track Suite 949
North Courtney, AL 64130",phampton@example.net,+1-517-936-7685x68214,Sports therapist,Grant-Lam
346,Heather Jackson,"424 Sarah Lane
Zacharyburgh, KS 62166",perkinsdonna@example.net,+1-493-953-7152x702,Probation officer,"Nunez, Boyd and Nunez"
347,Brandi Farrell,"762 Ricardo Loaf
South Stephanieport, AR 20671",fullerjulie@example.com,593.847.6179x78599,Camera operator,Bailey Ltd
348,Elizabeth Jimenez,"0054 Sullivan Ramp
Isabellashire, WA 10293",johnbarry@example.net,+1-941-336-0007x018,Advertising copywriter,"Lewis, Smith and Thomas"
349,David Campbell,"802 Perez Mountain Apt. 078
Wardbury, WA 41940",marynorton@example.org,+1-610-829-4511,"Biochemist, clinical","Walker, Daniels and Payne"
350,Jesus Smith,"026 Shane Isle
Tuckerville, GU 70672",joanna69@example.net,642.883.0749x928,Tax inspector,Baker Group
351,Steven Harding,"70387 Kimberly Branch
North Mary, NV 05952",darrell76@example.org,8169010010,Professor Emeritus,Hoffman PLC
352,Jesse Johnston,"765 Moreno Ridge
Bradborough, PR 55975",jthomas@example.net,(430)948-4857x62841,Sales promotion account executive,Obrien Inc
353,Lindsey Harris,"48568 Griffin Squares Apt. 517
New Erik, NY 43422",gcrawford@example.com,4622913687,Arboriculturist,Fisher-Smith
354,Vanessa Jones,"0374 Alexander Highway Apt. 623
South Joeltown, KY 18273",potterrobert@example.org,981-968-6806x291,"Scientist, clinical (histocompatibility and immunogenetics)","Maddox, Schmidt and Anderson"
355,Kimberly Reese,"54739 Stevens Stream
New Joseph, MA 97624",xterrell@example.com,001-538-249-3652x709,"Research officer, political party","Peterson, Cross and Davis"
356,David Jones,"50452 Rodriguez Trail
New Victoriafort, TN 39318",lopezjoshua@example.org,707-795-6475,Outdoor activities/education manager,Patterson Ltd
357,Rachel Daniels,"329 Cindy Key Apt. 100
New Beverlyville, OR 52363",brianrobbins@example.com,+1-664-950-8384x0867,Multimedia programmer,"Roman, West and Lee"
358,Allison Vance,"2749 Bell Summit
Lake Rodney, DC 50358",jeremy03@example.org,(579)244-3758x163,Clinical cytogeneticist,Simpson PLC
359,Stephanie Johnson,"33282 Tracy Turnpike
Austinhaven, NC 75480",fbryant@example.com,(399)252-6905x29858,"Editor, magazine features","Harris, Sanchez and Turner"
360,Christina Yates,"93455 Steve Throughway Apt. 847
Marshborough, NV 48091",andrewpark@example.org,412.792.7772x67785,Ophthalmologist,Smith and Sons
361,Lori Richards,"357 Ibarra Pass Suite 779
Garciashire, NH 94459",aadams@example.com,605-980-2508x573,Telecommunications researcher,Taylor-West
362,John Valdez MD,"29266 Clark Extension
Lake Rebekahstad, NV 72129",davidsellers@example.com,419-499-6622x4326,Product designer,"Fowler, Garcia and Hancock"
363,Maria Howell,"3071 Grant Spring Apt. 625
Johnton, SD 48087",benjaminrobbins@example.com,388-300-2386,Education administrator,Mcgee-Fitzgerald
364,Bryan Johnson,"76725 Donald Oval Suite 194
Samanthashire, PR 94478",parkerjennifer@example.net,356.749.9295,Fish farm manager,Rivera LLC
365,Margaret Henson,"61801 Zachary Crescent
New Patrickchester, PA 16780",otaylor@example.org,7873959376,Police officer,"Vasquez, Brown and Trevino"
366,Corey Todd,"835 Jennifer Forges
South Christineport, UT 02660",jeremy20@example.com,6956852614,Proofreader,"Jackson, Walsh and Bell"
367,Marie Sullivan,"669 Jonathan Shoal Suite 637
Garzaton, NC 07176",bconrad@example.net,380.325.7056x69669,Dramatherapist,Lopez Inc
368,Susan Adams,"6614 Timothy Plain Apt. 206
Port Abigailtown, KY 84304",mbarry@example.org,658.218.1800x8658,Interpreter,Morgan and Sons
369,Mary Gonzalez,"29606 James Drive
Port Tammy, AS 06792",sullivancharles@example.net,(960)315-7194,Civil Service fast streamer,Herring-Hill
370,Christopher Thomas,"547 Brown Mount
South Phillip, NV 66149",susan13@example.com,(921)524-7604x459,Information systems manager,"Carr, Trujillo and Freeman"
371,Brianna Alvarez,"87861 Tammy Rue
Lake Carol, TX 65663",connie58@example.com,703-436-6326x1815,"Psychotherapist, dance movement","Sherman, Berger and Williams"
372,Robert Taylor,"721 Parker Way Suite 343
East Laura, NE 69584",erichendricks@example.com,295-543-0142x478,Chartered certified accountant,Burke-Ruiz
373,Jesse Martin,"34630 Jason Meadows
Washingtonside, FL 88301",tyler76@example.org,+1-948-667-1501x43454,"Surveyor, insurance","Baxter, Turner and Morgan"
374,Susan Baker,"2116 Young Land
Angelamouth, CO 61817",robertsmark@example.org,001-279-393-5836x2837,Systems analyst,Williams-Rios
375,Keith King,"61465 Briggs Gateway Apt. 107
West Christopher, TN 90656",igarcia@example.org,239.617.2467,Chief of Staff,Franklin PLC
376,John Moran,"36449 Jessica Crest
Lake Charlesburgh, PA 24507",cassandraballard@example.com,+1-798-781-6229,Engineering geologist,"Carter, Pugh and Hernandez"
377,Lauren Gonzalez,"09798 Dalton Glen
Beckerstad, MT 65342",kristie01@example.org,(439)868-0469x64255,Petroleum engineer,Bailey Ltd
378,David Bowen,"USNV Vaughn
FPO AE 65881",stephenferrell@example.net,001-303-685-4999,Production engineer,Chavez-Hines
379,Daniel Wong,"1684 Anna Haven Apt. 464
Port Breanna, OH 42727",jeremytucker@example.net,+1-262-539-6237x95441,"Scientist, research (medical)",Taylor Ltd
380,Bryan Glenn,"36816 Rebecca Drive
Port Cassandra, NV 27636",oneillmelissa@example.net,838-710-3714x7783,"Journalist, broadcasting",Goodman and Sons
381,Cheryl King,"PSC 6758, Box 3378
APO AA 59143",sweeneyjessica@example.net,001-660-307-4763x7730,Chiropodist,"Cruz, Miller and Ramirez"
382,Lisa Glass,"8165 Greer Brooks Suite 162
Colemantown, AL 65346",bernardgeorge@example.net,829.503.2184,"Engineer, civil (consulting)",Smith-Atkinson
383,Amanda Rogers,"USCGC Delacruz
FPO AE 74265",craigjennifer@example.com,757-584-6094,"Engineer, structural","Morales, Carter and Ross"
384,Linda Daniels,"9695 Vincent Junctions
Tiffanyview, PW 01308",darlenegarner@example.org,+1-649-646-3679x24222,Plant breeder/geneticist,Gallagher Group
385,Amy Copeland,"200 White Road
West Charles, KY 16646",thomas15@example.org,922.910.6440x10279,Insurance risk surveyor,Roth Inc
386,Matthew Watson,"716 Sonya Mews
South Jamesland, WA 30405",fschaefer@example.org,001-927-647-1036x771,Chief Marketing Officer,Olson-Nelson
387,Eric Keller,"3033 Guzman Springs
New Jasmin, VT 05202",hjones@example.com,8537179185,Television camera operator,"Wagner, Odonnell and Greene"
388,Valerie Chavez,"48359 Martin Junction Suite 414
Lake Michelle, VT 33527",mercadodonna@example.com,235-238-4145,"Therapist, art","Johnson, Gonzalez and Norton"
389,Sheri Woods,"Unit 5824 Box 9170
DPO AE 56152",erica87@example.net,745.622.0152x48544,"Education officer, community",Phillips-Foster
390,Joshua Chavez,"36117 Conrad Knolls
Devonfort, CO 93043",petersenbrian@example.com,865-804-1121x567,Immunologist,"Myers, Ramirez and Chapman"
391,Scott Chaney,"USCGC Mejia
FPO AA 91366",breannamcconnell@example.com,820-811-9861x117,Retail buyer,"Fields, Jackson and Carroll"
392,Nicole Davis,"76492 Gonzales Loaf Apt. 036
Kristinaport, CO 66921",kylebaxter@example.com,001-333-939-7154,Archivist,Nelson-Jenkins
393,John Becker,"960 Anderson Land
Port Christinamouth, IA 50429",tylerkim@example.org,312-218-9689x8230,"Accountant, chartered certified",Gibbs Ltd
394,Curtis Sexton,"64393 Alvarez Fields Apt. 304
East Damon, WY 53216",fgarcia@example.com,(381)332-7277,"Administrator, Civil Service",Jimenez-Church
395,Dawn Clark,"359 Palmer Dale
Fosterborough, NH 33071",uburnett@example.com,+1-994-689-9668x8354,Multimedia specialist,"Keller, Wright and Ellis"
396,Kyle Riley DDS,"71757 Miguel Mountain Apt. 799
New Hollytown, WI 90315",rachelmason@example.com,001-868-432-1059,Architectural technologist,"Mcfarland, Scott and Torres"
397,Charles Vega,"9793 Amanda Trail Apt. 505
Allenfort, WI 96058",johnsonjames@example.com,600-513-1416,Horticultural therapist,"Reilly, Taylor and Williams"
398,Justin Evans,"88639 Laura Island Apt. 472
East Jessicaport, DE 31339",shelleysmith@example.com,(805)839-3278,"Engineer, electrical",Jones-Lynch
399,Terri King,"19677 Trevor Stravenue Apt. 253
West Bettybury, KY 97984",wsingh@example.com,882-685-5183x14717,Research scientist (physical sciences),Evans PLC
400,Terry Johnson,"06222 Amy Turnpike
Lunaborough, NJ 24633",andrea49@example.net,001-925-445-5569,Museum/gallery conservator,Stone-Hodges
401,Lauren Bird,"98730 Simpson Creek Apt. 402
Kaitlinport, HI 05057",scottweiss@example.org,696.207.9860x148,"Engineer, agricultural",Rocha-Green
402,Sheila Johnson,"905 Sara Road Suite 221
Lake Teresa, DC 26167",christopher92@example.org,(810)667-5165,Fast food restaurant manager,Harris-Myers
403,Ryan Lamb,"61219 Williams Green
Brianstad, FM 79818",walterssean@example.net,379.784.1321,Solicitor,Williams Inc
404,Douglas Chang,"USNV Silva
FPO AP 37450",haleylee@example.com,001-420-905-5345x2049,Meteorologist,"Rodgers, Perez and Kelly"
405,Joseph Wiggins,"6897 Kimberly Skyway Suite 825
Greerland, CA 94831",daniel96@example.com,575-514-1601x3709,Water engineer,"Walker, Burnett and Reed"
406,Nathan Walls,"485 Allison Spurs Apt. 350
Simmonsport, IN 71498",tiffanyhale@example.net,+1-370-759-1697x40567,Clinical molecular geneticist,Quinn-Johnson
407,John Franklin,"PSC 2876, Box 2472
APO AP 72764",linda26@example.org,209.641.4892,Occupational therapist,Smith Ltd
408,Gregory Keith,"9960 Fry Road Suite 656
West Kimberlyfort, NM 51005",mcguireclarence@example.com,(991)680-0470,Orthoptist,Campbell Ltd
409,Tracy Jacobs,"536 Lawson Causeway
Juliebury, UT 98148",sandraholland@example.com,882.344.6465x8032,Magazine journalist,Lee-Adams
410,Linda Tucker,"19265 Nicole Run
North James, PA 30799",thomassusan@example.net,001-929-572-7866x810,Naval architect,Mcdonald Group
411,Christopher Weaver,"067 Bartlett Grove
Gracefort, NC 57046",xbradley@example.com,001-675-422-4131x28664,Immigration officer,Clark LLC
412,Samuel Simmons,"0985 Ryan Hills
East Vickiestad, WI 77091",kfreeman@example.net,(401)744-9323,Veterinary surgeon,Hall-Moore
413,Cathy Serrano,"69637 Alice Via
West Kyle, OK 95531",williamsemma@example.org,(440)284-1836,Charity fundraiser,Hamilton PLC
414,Kenneth Parker DVM,"42144 Samantha Crest Suite 233
Jacquelinebury, CO 81285",kellylogan@example.com,001-859-202-2789,Geoscientist,"Myers, Walter and Hernandez"
415,Sheena Osborn,"9623 Susan Meadows Apt. 387
Loganport, VI 80661",hudsonroy@example.net,713.987.9598x6516,Energy engineer,Smith PLC
416,Natalie Bryant,"37882 Cunningham River Suite 624
North Lori, ID 43746",ryangeorge@example.net,+1-204-327-4430x29565,Environmental education officer,Garcia Group
417,Deborah Hansen,"545 William Canyon Apt. 886
Thompsonfurt, DE 74871",edwardcobb@example.org,362.966.6182x8958,Occupational therapist,Case-Burns
418,Deborah Buchanan,"65655 Sarah Coves
Port Morganmouth, TX 41300",thomas77@example.com,001-356-383-0242x741,Oceanographer,Garrett Ltd
419,Richard Spencer,"USCGC Ramos
FPO AP 02129",castanedabrittany@example.net,+1-866-339-4028,Electrical engineer,"Wolfe, Vargas and Riley"
420,Charles Moreno,"1336 Paul Lakes Apt. 410
Dunnchester, KY 59725",zwalker@example.com,632-422-3457x561,Art gallery manager,"Contreras, Walker and Anderson"
421,John Stevenson,"06605 Lori Crescent
Rogerton, HI 46291",brandon26@example.org,001-727-866-4835x11131,Haematologist,"Cooper, Brewer and Alexander"
422,Sandra Pena,"USNV Costa
FPO AP 17265",tinamccoy@example.net,953-489-4346x06216,"Psychologist, counselling","Bell, Macias and Kennedy"
423,Mario Hendricks,"442 Jennifer Ridge Apt. 996
Bellside, CA 46051",paul37@example.com,+1-979-466-7944x27671,Systems analyst,"Wheeler, Mercer and Johnson"
424,David Hall,"628 John Pine
Chadville, FM 86072",brian67@example.com,+1-678-964-4670x6077,Physiotherapist,Graves LLC
425,Frederick Griffin,"5446 James Springs Apt. 736
Carterside, WI 71469",sabrina73@example.org,427-602-0741,Sales promotion account executive,Rios Ltd
426,Laura Underwood,"34241 Brewer Freeway Suite 720
Port Cassandrabury, AL 09661",stonejessica@example.com,+1-607-371-6532x461,Trading standards officer,Martinez Ltd
427,Christina King,"1249 Campbell Plaza Apt. 558
North Lindseybury, MO 74161",nicole51@example.net,352-358-9482,"Engineer, production","Scott, Brooks and Anderson"
428,Ryan Davila,"614 Tracy Field Apt. 320
Port Nathanport, NC 21538",michellekelly@example.net,5789459303,Advertising account executive,Sandoval-Odom
429,Patricia Foster,"2371 Stacey Skyway Suite 910
Rhodesshire, WA 69795",lfox@example.org,(658)285-7210,Best boy,Fuller Inc
430,Isabel Francis,"10136 Lynn Forge Suite 894
Velasquezport, WA 37770",westwilliam@example.net,(620)415-9342,Dentist,"Williams, Santiago and Lewis"
431,Michael Young,"73012 Curry Port Suite 682
Carpenterchester, OR 84103",brookepalmer@example.org,(424)436-0459,Higher education lecturer,"Bowers, Wong and Butler"
432,Kenneth Townsend,"57659 Sarah Harbors Suite 987
North Kristinaton, MN 62683",samanthagarcia@example.com,3336856248,Adult guidance worker,"Garcia, Martinez and Lewis"
433,Justin Nguyen,"63740 Phillips Squares
North David, GU 68006",lucassusan@example.org,4196035458,"Nurse, children's",Johnson LLC
434,Martin Aguirre,"6554 Bean Forge Suite 001
Johnmouth, CO 16553",john71@example.org,509-326-8570x814,"Designer, industrial/product","Peterson, King and Duncan"
435,Matthew Sutton,"070 Richards Hill Suite 729
Lake Heather, HI 91903",cantrelltimothy@example.net,+1-928-879-4613x6193,Financial adviser,Poole-Johnson
436,Angela Smith,"Unit 2822 Box 5762
DPO AE 25435",michaelbutler@example.net,001-281-590-4760x352,Software engineer,"Hayes, Castillo and Dunn"
437,Janet Mcclure,"5269 Turner Rapid
Port Kim, FM 11479",igrant@example.org,840-344-4351,Analytical chemist,"Hoffman, Martin and Alvarado"
438,Michael Cannon,"8182 Cheryl Valley Suite 499
East Jeffreyshire, IA 94572",brianna52@example.net,3934636949,Web designer,Estrada Group
439,Vincent Hawkins,"80859 Vincent Cape Suite 808
West Kennethmouth, OK 83936",xcrawford@example.net,570.591.1080x11699,Clothing/textile technologist,Rose-Blake
440,Joseph Bass,"091 Randall Fork
Port Richard, WI 53265",carlyaguilar@example.net,+1-432-336-8017x890,Fitness centre manager,Campbell and Sons
441,Mr. Matthew Villanueva DVM,"4097 Harrington Ford
Jordanmouth, AS 95992",michele71@example.org,001-906-640-7023x51130,Engineering geologist,Weaver-Stone
442,Thomas Ashley,"0083 Phillips Prairie
East Kayla, PA 47579",bonnie12@example.net,(330)216-2705,Radio broadcast assistant,"Santana, Hayes and Odonnell"
443,Karen Brown,"038 Darin Station Suite 208
Port Christopher, MS 13065",erinnichols@example.net,(723)597-5478,Senior tax professional/tax inspector,Dixon-Singleton
444,Stephen Garrett,"81740 Curtis Spur Apt. 652
Deanchester, TX 81963",ronald83@example.net,(832)576-3315,"Designer, television/film set",Jacobson-Riggs
445,Krystal Bullock,"265 Mendoza Walks Suite 080
Benjaminville, MS 47867",clarkjennifer@example.org,001-243-766-0211,General practice doctor,Murillo-Buckley
446,Shelly Hicks,"PSC 1096, Box 1347
APO AA 00782",lwhite@example.net,4628058346,Hospital pharmacist,"Orr, Dunn and Edwards"
447,Adam Blevins,"855 Dean Walk
Williamtown, OK 56915",jillianjames@example.com,+1-857-894-6404x2800,"Librarian, academic",Morrison-Weber
448,Christopher Campbell,"79319 Ferguson Mountain Apt. 723
Lake Ianberg, FM 96842",okelly@example.com,(358)456-8551,Toxicologist,Cook Group
449,William Conway,"Unit 1023 Box 4253
DPO AP 78618",pamelasmith@example.com,372-445-1083x8350,"Buyer, industrial",Murphy-Mcdonald
450,Jeffrey Goodwin,"0715 Daniels Landing Apt. 267
Dawnfort, OK 50621",wilsonnatalie@example.org,(892)523-0946x8181,Ophthalmologist,Dunn-Swanson
451,Mr. Ronald Jackson,"685 Susan Stravenue
New Frankborough, NC 02912",nicholasmartin@example.net,362.224.9467x865,Tourism officer,Mullins PLC
452,Sean Smith,"100 Douglas View
Flemingstad, GA 77842",qschroeder@example.com,(945)946-9677x2539,Licensed conveyancer,King-Leon
453,Brittany West,"4274 Brown Bypass Apt. 053
Karenmouth, OH 67537",austin62@example.com,001-677-897-6783x67301,"Therapist, nutritional","Rogers, Thompson and Carr"
454,Emily Barber,"1572 Jennifer Lights
Reginaldton, UT 02047",josephwilson@example.org,(613)753-9015x43655,Biomedical scientist,Armstrong Group
455,Monica Avery DVM,"85973 Kenneth Pines
Lake Derricktown, GA 06296",morganwashington@example.org,685.816.0993,"Programmer, applications",Smith LLC
456,Dakota Velasquez,"0356 Juan Manors
Jakemouth, WV 32096",wpierce@example.com,538-472-5071,Ambulance person,"Clarke, Garcia and Wiley"
457,Craig Ellis DDS,"156 Lewis Greens Apt. 254
Thomasmouth, NC 71981",jamesbrenda@example.com,871-311-3275x191,Passenger transport manager,"Colon, Wright and Jones"
458,Wendy Christensen,"9802 Frye Ridge Apt. 785
Joebury, VA 52566",collinstina@example.org,(257)559-6115,"Scientist, research (medical)","Riley, Davenport and Randolph"
459,Julie Harper,"16619 Curtis Mount
Julianhaven, WY 10305",matthewsdonald@example.org,694.937.5122x3872,Sub,"Ryan, Roberson and Foster"
460,Jocelyn Hahn,"3667 Madeline Mews Apt. 454
Kennethtown, WA 06128",joseph73@example.org,651.819.1766,"Psychologist, forensic",Peterson Inc
461,Ruben Smith,"162 David Pass Suite 363
New Jerry, GA 51305",zbell@example.org,001-241-208-8518,Therapeutic radiographer,Smith-Wood
462,Jocelyn Giles,"86757 Teresa Burg Apt. 493
Paulton, FM 90930",lwarren@example.org,280-761-3672x94889,Psychotherapist,"Collins, Dyer and Moreno"
463,Reginald Holloway,"0182 Michael Vista
New Tracyburgh, AZ 25139",ricky12@example.net,(767)874-9898,"Scientist, water quality","Taylor, Griffin and Peters"
464,Rachel Murphy,"685 Suarez Centers
East Roystad, MN 72072",reidsara@example.org,614-260-0914,Fish farm manager,"Rivera, Vega and Brown"
465,Vanessa Smith,"47855 Stevens Forges Suite 806
Davidview, LA 09904",vicki64@example.org,(680)877-1012,"Teacher, English as a foreign language",Hardy-Barton
466,Kristin Andrade,"161 Michael Groves Apt. 189
Port Cynthiaborough, OH 67193",lisafitzpatrick@example.com,+1-381-494-6602x85863,Statistician,Roth LLC
467,Mariah Smith,"USCGC Valenzuela
FPO AE 58040",xsimon@example.org,+1-762-339-1886x3444,Optometrist,Beard Group
468,Kristen Tucker,"27980 Kim Courts
Destinyshire, ND 62403",jennifer64@example.org,8056551334,"Nurse, children's",Stewart-Romero
469,Julie Daniels,"74142 Timothy Turnpike Apt. 800
South Christian, WV 84934",brookskristy@example.net,745-598-6169,Museum/gallery conservator,Adams-Evans
470,Jeremy Sanchez,"523 Walker Parks
West Sarah, WV 63765",elizabeth88@example.net,+1-638-405-5236,Audiological scientist,"Murphy, Garcia and Moore"
471,Tamara Freeman,"92966 Velasquez Summit
Juliestad, VT 12360",ericpena@example.org,410.401.6514x47336,Software engineer,"Johnson, Thompson and Strong"
472,Michael Travis,"91284 Jack Corner
Morganmouth, ND 04298",doughertykimberly@example.com,001-260-216-1281x06006,"Pharmacist, hospital","Harper, Graham and Mitchell"
473,Dana Lee,"20926 Flynn Park
Leslieland, OK 13368",josephdavenport@example.org,6675261937,"Nurse, learning disability",Vasquez Inc
474,Ashley Conrad,"6349 Winters Circle
Emmaside, NH 46962",ashley44@example.net,(410)285-3381,Further education lecturer,"Rose, Cooper and Ortega"
475,Suzanne Anthony,"822 Jackson Inlet Suite 557
North Sharonview, FM 32068",dlewis@example.net,3642614511,Interpreter,"Steele, Benton and Simmons"
476,Tonya Leblanc,"290 Santos Manor Suite 378
Greenberg, DE 67378",jenniferhill@example.com,+1-765-594-5129x98807,Cabin crew,Murphy-Jenkins
477,Tamara Adams,"4812 Miranda Tunnel Suite 399
Meredithville, MN 19908",kristinehall@example.org,(269)834-3647,"Designer, multimedia",Harrington Group
478,Cory Bennett,"USS Reese
FPO AE 62048",campbelllynn@example.com,(830)283-1217x9265,Patent examiner,Frank LLC
479,Molly Kerr,"1489 Rebekah Expressway Suite 290
North Brianchester, NJ 97651",sextonheather@example.org,001-660-548-7331x180,Higher education careers adviser,"Hammond, Robinson and Boone"
480,Kristen Cisneros,"9736 Maldonado Haven
Danielhaven, NV 99238",millermark@example.com,462-281-8349,"Scientist, research (maths)",Parker-Johnston
481,David Banks,"2268 Smith Skyway
Port Jackport, AL 71259",rebeccachambers@example.net,+1-568-385-3527,Aid worker,Jennings PLC
482,Nicole Elliott,"58978 Odom Radial Suite 763
Scottbury, NV 73213",rle@example.com,(928)642-7748,"Surveyor, land/geomatics",Ward-Martin
483,Jason Brown,"644 Maureen Mill Apt. 896
Louisview, HI 04527",asullivan@example.net,(284)511-4550x58020,Merchant navy officer,Lambert Ltd
484,Dillon Carter,"Unit 3713 Box 7004
DPO AE 29989",zmoore@example.com,9032303449,Seismic interpreter,"Pope, Gomez and Farley"
485,Elizabeth Collier,"739 Parrish Ford Suite 475
Stewartburgh, FL 52097",otyler@example.com,001-252-691-7970x6311,Phytotherapist,Schwartz PLC
486,Tony Knight,"882 Ian Corner Apt. 520
Port Markland, CO 30334",marcusjohnson@example.com,+1-333-422-2516x0540,"Education officer, community","Burke, Mejia and Flores"
487,Beth Noble,"84316 Brett Brooks
Port Jacobport, AL 32310",webbangela@example.org,001-845-263-0826x2910,Chartered certified accountant,Zimmerman-Delgado
488,Jennifer Daniels,"429 Campbell Flats
Dunlapmouth, MN 06762",jasonburton@example.net,556.937.8971x3201,Quantity surveyor,"Berry, Bowman and Lee"
489,Linda Hudson,"2891 Erin Road Apt. 067
Sandersborough, VI 71086",zblackburn@example.com,834-555-4236,Probation officer,Richard Ltd
490,Larry Mcdonald,"4688 Keller Forge
Samanthamouth, FL 94006",dianachen@example.net,3803878789,Agricultural engineer,"Gordon, Taylor and White"
491,Brian Simmons,"3693 Melton Rapid
South Michealhaven, HI 26709",afields@example.com,862-859-3054x55462,Radio broadcast assistant,Greer Group
492,Samantha Carr,"USNV Moran
FPO AA 02602",adammurphy@example.com,839-969-4059x4363,"Radiographer, therapeutic",Johnson Ltd
493,Michael Cervantes DVM,"228 Garrett Crossing
North Jenniferview, MI 34746",jmartin@example.com,964.825.0132,Personnel officer,Macdonald Ltd
494,Charles Parker,"513 Lee Pines Suite 955
Thompsonland, WV 04788",pbarnes@example.com,001-586-777-2887x8828,"Surveyor, rural practice",Johnson LLC
495,Elizabeth Morales,"7387 Mendoza Place Suite 781
Robinmouth, ND 46218",jensencharles@example.net,733.746.2443,Fast food restaurant manager,"Schaefer, Wilson and Watts"
496,Mr. Kelly Taylor,"424 Jessica Branch
Nicolehaven, MT 40966",april68@example.net,967.334.6276,Commissioning editor,"Bernard, Michael and Riddle"
497,Jennifer Petersen,"468 Sarah Club
Lake Devinland, FM 01891",kjuarez@example.com,562.702.9857,Insurance account manager,"Williams, Marshall and Blair"
498,Susan Harper,"62994 Page Green Apt. 129
East Meganhaven, GA 38831",abbottbrian@example.com,001-771-770-4336,Professor Emeritus,Jones-Massey
499,Maria Wallace,"0527 Turner Forge Suite 723
South Robertberg, OR 50220",samuel81@example.net,(835)245-9823x646,Chartered loss adjuster,Murray-Wade
